<?xml version="1.0" encoding="UTF-8"?>
<project-private xmlns="http://www.netbeans.org/ns/project-private/1">
    <editor-bookmarks xmlns="http://www.netbeans.org/ns/editor-bookmarks/2" lastBookmarkId="0"/>
    <open-files xmlns="http://www.netbeans.org/ns/projectui-open-files/2">
        <group>
            <file>file:/D:/Mis%20Cosas/Mis%20documentos/NetBeansProjects/Ej_debugging_10/src/ej_debugging_10/Ej_debugging_10.java</file>
            <file>file:/D:/Mis%20Cosas/Mis%20documentos/NetBeansProjects/Ej_debugging_10/src/ej_debugging_10/Operacion.java</file>
            <file>file:/D:/Mis%20Cosas/Mis%20documentos/NetBeansProjects/Ej_debugging_10/src/ej_debugging_10/Operaciones.java</file>
            <file>file:/D:/Mis%20Cosas/Mis%20documentos/NetBeansProjects/Ej_debugging_10/src/ej_debugging_10/Caja.java</file>
        </group>
    </open-files>
</project-private>
