<?xml version="1.0" standalone="no"?>
<!--Esto es un comentario-->
<bookstore>
  <book>
    <title>The Autobiography of Mark Twain</title>
    <Author>
      <first-name>Mark</first-name>
      <last-name>Twain</last-name>
    </Author>
    <price>7.99</price>
  </book>
  <book>
    <title>segundo libro</title>
    <Author>
      <first-name>pepepe</first-name>
      <last-name>sdfsdf</last-name>
    </Author>
    <price>5555</price>
  </book>
  <book genre="autobiography" publicationdate="1979" ISBN="0-7356-0562-9" />
</bookstore>