﻿<?xml version="1.0" encoding="utf-8" ?>
<bookstore>
  <book>
    <title>
      Autobiografía de Benjamin Franklin
    </title>
    <author>
      <first-name> Benjamin </first-name>
      <last-name> Franklin </last-name>
    </author>
    <price> 8,99 </price>
  </book>
  <book>
    <title>
      The Confidence Man
    </title>
    <author>
      <first-name> Herman </first-name>
      <last-name> Melville </last-name>
    </author>
    <price> 11,99 </price>
  </book>
  <book>
    <title>
      Gorgias
    </title>
    <author>
      <name> Plato </name>
    </author>
    <price> 9,99 </price>
  </book>
</bookstore>